--
-- PostgreSQL database dump
--

-- Dumped from database version 12.6 (Debian 12.6-1.pgdg100+1)
-- Dumped by pg_dump version 12.6 (Debian 12.6-1.pgdg100+1)

SET statement_timeout = 0;
SET lock_timeout = 0;
SET idle_in_transaction_session_timeout = 0;
SET client_encoding = 'UTF8';
SET standard_conforming_strings = on;
SELECT pg_catalog.set_config('search_path', '', false);
SET check_function_bodies = false;
SET xmloption = content;
SET client_min_messages = warning;
SET row_security = off;

--
-- Name: trigger_set_updated_at(); Type: FUNCTION; Schema: public; Owner: goku
--

CREATE FUNCTION public.trigger_set_updated_at() RETURNS trigger
    LANGUAGE plpgsql
    AS $$
  BEGIN
    IF NEW IS DISTINCT FROM OLD THEN
      NEW.updated_at = now();
      RETURN NEW;
    ELSE
      RETURN OLD;
    END IF;
  END;
  $$;


ALTER FUNCTION public.trigger_set_updated_at() OWNER TO goku;

SET default_tablespace = '';

SET default_table_access_method = heap;

--
-- Name: colors; Type: TABLE; Schema: public; Owner: goku
--

CREATE TABLE public.colors (
    id integer NOT NULL,
    name character varying(100) NOT NULL,
    created_at timestamp with time zone DEFAULT now() NOT NULL,
    updated_at timestamp with time zone DEFAULT now() NOT NULL
);


ALTER TABLE public.colors OWNER TO goku;

--
-- Name: colors_id_seq; Type: SEQUENCE; Schema: public; Owner: goku
--

CREATE SEQUENCE public.colors_id_seq
    AS integer
    START WITH 1
    INCREMENT BY 1
    NO MINVALUE
    NO MAXVALUE
    CACHE 1;


ALTER TABLE public.colors_id_seq OWNER TO goku;

--
-- Name: colors_id_seq; Type: SEQUENCE OWNED BY; Schema: public; Owner: goku
--

ALTER SEQUENCE public.colors_id_seq OWNED BY public.colors.id;


--
-- Name: products; Type: TABLE; Schema: public; Owner: goku
--

CREATE TABLE public.products (
    id integer NOT NULL,
    name character varying(200) NOT NULL,
    description text NOT NULL,
    brand character varying(200),
    created_at timestamp with time zone DEFAULT now() NOT NULL,
    updated_at timestamp with time zone DEFAULT now() NOT NULL
);


ALTER TABLE public.products OWNER TO goku;

--
-- Name: products_id_seq; Type: SEQUENCE; Schema: public; Owner: goku
--

CREATE SEQUENCE public.products_id_seq
    AS integer
    START WITH 1
    INCREMENT BY 1
    NO MINVALUE
    NO MAXVALUE
    CACHE 1;


ALTER TABLE public.products_id_seq OWNER TO goku;

--
-- Name: products_id_seq; Type: SEQUENCE OWNED BY; Schema: public; Owner: goku
--

ALTER SEQUENCE public.products_id_seq OWNED BY public.products.id;


--
-- Name: sizes; Type: TABLE; Schema: public; Owner: goku
--

CREATE TABLE public.sizes (
    id integer NOT NULL,
    name character varying(50) NOT NULL,
    created_at timestamp with time zone DEFAULT now() NOT NULL,
    updated_at timestamp with time zone DEFAULT now() NOT NULL
);


ALTER TABLE public.sizes OWNER TO goku;

--
-- Name: sizes_id_seq; Type: SEQUENCE; Schema: public; Owner: goku
--

CREATE SEQUENCE public.sizes_id_seq
    AS integer
    START WITH 1
    INCREMENT BY 1
    NO MINVALUE
    NO MAXVALUE
    CACHE 1;


ALTER TABLE public.sizes_id_seq OWNER TO goku;

--
-- Name: sizes_id_seq; Type: SEQUENCE OWNED BY; Schema: public; Owner: goku
--

ALTER SEQUENCE public.sizes_id_seq OWNED BY public.sizes.id;


--
-- Name: variants; Type: TABLE; Schema: public; Owner: goku
--

CREATE TABLE public.variants (
    id integer NOT NULL,
    sku character varying(50) NOT NULL,
    name character varying(200) NOT NULL,
    color_id integer,
    size_id integer,
    price real NOT NULL,
    product_id integer NOT NULL,
    created_at timestamp with time zone DEFAULT now() NOT NULL,
    updated_at timestamp with time zone DEFAULT now() NOT NULL
);


ALTER TABLE public.variants OWNER TO goku;

--
-- Name: variants_id_seq; Type: SEQUENCE; Schema: public; Owner: goku
--

CREATE SEQUENCE public.variants_id_seq
    AS integer
    START WITH 1
    INCREMENT BY 1
    NO MINVALUE
    NO MAXVALUE
    CACHE 1;


ALTER TABLE public.variants_id_seq OWNER TO goku;

--
-- Name: variants_id_seq; Type: SEQUENCE OWNED BY; Schema: public; Owner: goku
--

ALTER SEQUENCE public.variants_id_seq OWNED BY public.variants.id;


--
-- Name: colors id; Type: DEFAULT; Schema: public; Owner: goku
--

ALTER TABLE ONLY public.colors ALTER COLUMN id SET DEFAULT nextval('public.colors_id_seq'::regclass);


--
-- Name: products id; Type: DEFAULT; Schema: public; Owner: goku
--

ALTER TABLE ONLY public.products ALTER COLUMN id SET DEFAULT nextval('public.products_id_seq'::regclass);


--
-- Name: sizes id; Type: DEFAULT; Schema: public; Owner: goku
--

ALTER TABLE ONLY public.sizes ALTER COLUMN id SET DEFAULT nextval('public.sizes_id_seq'::regclass);


--
-- Name: variants id; Type: DEFAULT; Schema: public; Owner: goku
--

ALTER TABLE ONLY public.variants ALTER COLUMN id SET DEFAULT nextval('public.variants_id_seq'::regclass);


--
-- Data for Name: colors; Type: TABLE DATA; Schema: public; Owner: goku
--

COPY public.colors (id, name, created_at, updated_at) FROM stdin;
1	Alice Blue	2022-04-07 19:13:23.580318+00	2022-04-07 19:13:23.580318+00
2	Antique White	2022-04-07 19:13:23.580318+00	2022-04-07 19:13:23.580318+00
3	Aqua	2022-04-07 19:13:23.580318+00	2022-04-07 19:13:23.580318+00
4	Aquamarine	2022-04-07 19:13:23.580318+00	2022-04-07 19:13:23.580318+00
5	Azure	2022-04-07 19:13:23.580318+00	2022-04-07 19:13:23.580318+00
6	Beige	2022-04-07 19:13:23.580318+00	2022-04-07 19:13:23.580318+00
7	Bisque	2022-04-07 19:13:23.580318+00	2022-04-07 19:13:23.580318+00
8	Black	2022-04-07 19:13:23.580318+00	2022-04-07 19:13:23.580318+00
9	Blanched Almond	2022-04-07 19:13:23.580318+00	2022-04-07 19:13:23.580318+00
10	Blue	2022-04-07 19:13:23.580318+00	2022-04-07 19:13:23.580318+00
11	Blue Violet	2022-04-07 19:13:23.580318+00	2022-04-07 19:13:23.580318+00
12	Brown	2022-04-07 19:13:23.580318+00	2022-04-07 19:13:23.580318+00
13	Burlywood	2022-04-07 19:13:23.580318+00	2022-04-07 19:13:23.580318+00
14	Cadet Blue	2022-04-07 19:13:23.580318+00	2022-04-07 19:13:23.580318+00
15	Chartreuse	2022-04-07 19:13:23.580318+00	2022-04-07 19:13:23.580318+00
16	Chocolate	2022-04-07 19:13:23.580318+00	2022-04-07 19:13:23.580318+00
17	Coral	2022-04-07 19:13:23.580318+00	2022-04-07 19:13:23.580318+00
18	Cornflower Blue	2022-04-07 19:13:23.580318+00	2022-04-07 19:13:23.580318+00
19	Cornsilk	2022-04-07 19:13:23.580318+00	2022-04-07 19:13:23.580318+00
20	Crimson	2022-04-07 19:13:23.580318+00	2022-04-07 19:13:23.580318+00
21	Cyan	2022-04-07 19:13:23.580318+00	2022-04-07 19:13:23.580318+00
22	Dark Blue	2022-04-07 19:13:23.580318+00	2022-04-07 19:13:23.580318+00
23	Dark Cyan	2022-04-07 19:13:23.580318+00	2022-04-07 19:13:23.580318+00
24	Dark Goldenrod	2022-04-07 19:13:23.580318+00	2022-04-07 19:13:23.580318+00
25	Dark Gray	2022-04-07 19:13:23.580318+00	2022-04-07 19:13:23.580318+00
26	Dark Green	2022-04-07 19:13:23.580318+00	2022-04-07 19:13:23.580318+00
27	Dark Khaki	2022-04-07 19:13:23.580318+00	2022-04-07 19:13:23.580318+00
28	Dark Magenta	2022-04-07 19:13:23.580318+00	2022-04-07 19:13:23.580318+00
29	Dark Olive Green	2022-04-07 19:13:23.580318+00	2022-04-07 19:13:23.580318+00
30	Dark Orange	2022-04-07 19:13:23.580318+00	2022-04-07 19:13:23.580318+00
31	Dark Orchid	2022-04-07 19:13:23.580318+00	2022-04-07 19:13:23.580318+00
32	Dark Red	2022-04-07 19:13:23.580318+00	2022-04-07 19:13:23.580318+00
33	Dark Salmon	2022-04-07 19:13:23.580318+00	2022-04-07 19:13:23.580318+00
34	Dark Sea Green	2022-04-07 19:13:23.580318+00	2022-04-07 19:13:23.580318+00
35	Dark Slate Blue	2022-04-07 19:13:23.580318+00	2022-04-07 19:13:23.580318+00
36	Dark Slate Gray	2022-04-07 19:13:23.580318+00	2022-04-07 19:13:23.580318+00
37	Dark Turquoise	2022-04-07 19:13:23.580318+00	2022-04-07 19:13:23.580318+00
38	Dark Violet	2022-04-07 19:13:23.580318+00	2022-04-07 19:13:23.580318+00
39	Deep Pink	2022-04-07 19:13:23.580318+00	2022-04-07 19:13:23.580318+00
40	Deep Sky Blue	2022-04-07 19:13:23.580318+00	2022-04-07 19:13:23.580318+00
41	Dim Gray	2022-04-07 19:13:23.580318+00	2022-04-07 19:13:23.580318+00
42	Dodger Blue	2022-04-07 19:13:23.580318+00	2022-04-07 19:13:23.580318+00
43	Firebrick	2022-04-07 19:13:23.580318+00	2022-04-07 19:13:23.580318+00
44	Floral White	2022-04-07 19:13:23.580318+00	2022-04-07 19:13:23.580318+00
45	Forest Green	2022-04-07 19:13:23.580318+00	2022-04-07 19:13:23.580318+00
46	Fuchsia	2022-04-07 19:13:23.580318+00	2022-04-07 19:13:23.580318+00
47	Gainsboro	2022-04-07 19:13:23.580318+00	2022-04-07 19:13:23.580318+00
48	Ghost White	2022-04-07 19:13:23.580318+00	2022-04-07 19:13:23.580318+00
49	Gold	2022-04-07 19:13:23.580318+00	2022-04-07 19:13:23.580318+00
50	Goldenrod	2022-04-07 19:13:23.580318+00	2022-04-07 19:13:23.580318+00
51	Gray	2022-04-07 19:13:23.580318+00	2022-04-07 19:13:23.580318+00
52	Web Gray	2022-04-07 19:13:23.580318+00	2022-04-07 19:13:23.580318+00
53	Green	2022-04-07 19:13:23.580318+00	2022-04-07 19:13:23.580318+00
54	Web Green	2022-04-07 19:13:23.580318+00	2022-04-07 19:13:23.580318+00
55	Green Yellow	2022-04-07 19:13:23.580318+00	2022-04-07 19:13:23.580318+00
56	Honeydew	2022-04-07 19:13:23.580318+00	2022-04-07 19:13:23.580318+00
57	Hot Pink	2022-04-07 19:13:23.580318+00	2022-04-07 19:13:23.580318+00
58	Indian Red	2022-04-07 19:13:23.580318+00	2022-04-07 19:13:23.580318+00
59	Indigo	2022-04-07 19:13:23.580318+00	2022-04-07 19:13:23.580318+00
60	Ivory	2022-04-07 19:13:23.580318+00	2022-04-07 19:13:23.580318+00
61	Khaki	2022-04-07 19:13:23.580318+00	2022-04-07 19:13:23.580318+00
62	Lavender	2022-04-07 19:13:23.580318+00	2022-04-07 19:13:23.580318+00
63	Lavender Blush	2022-04-07 19:13:23.580318+00	2022-04-07 19:13:23.580318+00
64	Lawn Green	2022-04-07 19:13:23.580318+00	2022-04-07 19:13:23.580318+00
65	Lemon Chiffon	2022-04-07 19:13:23.580318+00	2022-04-07 19:13:23.580318+00
66	Light Blue	2022-04-07 19:13:23.580318+00	2022-04-07 19:13:23.580318+00
67	Light Coral	2022-04-07 19:13:23.580318+00	2022-04-07 19:13:23.580318+00
68	Light Cyan	2022-04-07 19:13:23.580318+00	2022-04-07 19:13:23.580318+00
69	Light Goldenrod	2022-04-07 19:13:23.580318+00	2022-04-07 19:13:23.580318+00
70	Light Gray	2022-04-07 19:13:23.580318+00	2022-04-07 19:13:23.580318+00
71	Light Green	2022-04-07 19:13:23.580318+00	2022-04-07 19:13:23.580318+00
72	Light Pink	2022-04-07 19:13:23.580318+00	2022-04-07 19:13:23.580318+00
73	Light Salmon	2022-04-07 19:13:23.580318+00	2022-04-07 19:13:23.580318+00
74	Light Sea Green	2022-04-07 19:13:23.580318+00	2022-04-07 19:13:23.580318+00
75	Light Sky Blue	2022-04-07 19:13:23.580318+00	2022-04-07 19:13:23.580318+00
76	Light Slate Gray	2022-04-07 19:13:23.580318+00	2022-04-07 19:13:23.580318+00
77	Light Steel Blue	2022-04-07 19:13:23.580318+00	2022-04-07 19:13:23.580318+00
78	Light Yellow	2022-04-07 19:13:23.580318+00	2022-04-07 19:13:23.580318+00
79	Lime	2022-04-07 19:13:23.580318+00	2022-04-07 19:13:23.580318+00
80	Lime Green	2022-04-07 19:13:23.580318+00	2022-04-07 19:13:23.580318+00
81	Linen	2022-04-07 19:13:23.580318+00	2022-04-07 19:13:23.580318+00
82	Magenta	2022-04-07 19:13:23.580318+00	2022-04-07 19:13:23.580318+00
83	Maroon	2022-04-07 19:13:23.580318+00	2022-04-07 19:13:23.580318+00
84	Web Maroon	2022-04-07 19:13:23.580318+00	2022-04-07 19:13:23.580318+00
85	Medium Aquamarine	2022-04-07 19:13:23.580318+00	2022-04-07 19:13:23.580318+00
86	Medium Blue	2022-04-07 19:13:23.580318+00	2022-04-07 19:13:23.580318+00
87	Medium Orchid	2022-04-07 19:13:23.580318+00	2022-04-07 19:13:23.580318+00
88	Medium Purple	2022-04-07 19:13:23.580318+00	2022-04-07 19:13:23.580318+00
89	Medium Sea Green	2022-04-07 19:13:23.580318+00	2022-04-07 19:13:23.580318+00
90	Medium Slate Blue	2022-04-07 19:13:23.580318+00	2022-04-07 19:13:23.580318+00
91	Medium Spring Green	2022-04-07 19:13:23.580318+00	2022-04-07 19:13:23.580318+00
92	Medium Turquoise	2022-04-07 19:13:23.580318+00	2022-04-07 19:13:23.580318+00
93	Medium Violet Red	2022-04-07 19:13:23.580318+00	2022-04-07 19:13:23.580318+00
94	Midnight Blue	2022-04-07 19:13:23.580318+00	2022-04-07 19:13:23.580318+00
95	Mint Cream	2022-04-07 19:13:23.580318+00	2022-04-07 19:13:23.580318+00
96	Misty Rose	2022-04-07 19:13:23.580318+00	2022-04-07 19:13:23.580318+00
97	Moccasin	2022-04-07 19:13:23.580318+00	2022-04-07 19:13:23.580318+00
98	Navajo White	2022-04-07 19:13:23.580318+00	2022-04-07 19:13:23.580318+00
99	Navy Blue	2022-04-07 19:13:23.580318+00	2022-04-07 19:13:23.580318+00
100	Old Lace	2022-04-07 19:13:23.580318+00	2022-04-07 19:13:23.580318+00
101	Olive	2022-04-07 19:13:23.580318+00	2022-04-07 19:13:23.580318+00
102	Olive Drab	2022-04-07 19:13:23.580318+00	2022-04-07 19:13:23.580318+00
103	Orange	2022-04-07 19:13:23.580318+00	2022-04-07 19:13:23.580318+00
104	Orange Red	2022-04-07 19:13:23.580318+00	2022-04-07 19:13:23.580318+00
105	Orchid	2022-04-07 19:13:23.580318+00	2022-04-07 19:13:23.580318+00
106	Pale Goldenrod	2022-04-07 19:13:23.580318+00	2022-04-07 19:13:23.580318+00
107	Pale Green	2022-04-07 19:13:23.580318+00	2022-04-07 19:13:23.580318+00
108	Pale Turquoise	2022-04-07 19:13:23.580318+00	2022-04-07 19:13:23.580318+00
109	Pale Violet Red	2022-04-07 19:13:23.580318+00	2022-04-07 19:13:23.580318+00
110	Papaya Whip	2022-04-07 19:13:23.580318+00	2022-04-07 19:13:23.580318+00
111	Peach Puff	2022-04-07 19:13:23.580318+00	2022-04-07 19:13:23.580318+00
112	Peru	2022-04-07 19:13:23.580318+00	2022-04-07 19:13:23.580318+00
113	Pink	2022-04-07 19:13:23.580318+00	2022-04-07 19:13:23.580318+00
114	Plum	2022-04-07 19:13:23.580318+00	2022-04-07 19:13:23.580318+00
115	Powder Blue	2022-04-07 19:13:23.580318+00	2022-04-07 19:13:23.580318+00
116	Purple	2022-04-07 19:13:23.580318+00	2022-04-07 19:13:23.580318+00
117	Web Purple	2022-04-07 19:13:23.580318+00	2022-04-07 19:13:23.580318+00
118	Rebecca Purple	2022-04-07 19:13:23.580318+00	2022-04-07 19:13:23.580318+00
119	Red	2022-04-07 19:13:23.580318+00	2022-04-07 19:13:23.580318+00
120	Rosy Brown	2022-04-07 19:13:23.580318+00	2022-04-07 19:13:23.580318+00
121	Royal Blue	2022-04-07 19:13:23.580318+00	2022-04-07 19:13:23.580318+00
122	Saddle Brown	2022-04-07 19:13:23.580318+00	2022-04-07 19:13:23.580318+00
123	Salmon	2022-04-07 19:13:23.580318+00	2022-04-07 19:13:23.580318+00
124	Sandy Brown	2022-04-07 19:13:23.580318+00	2022-04-07 19:13:23.580318+00
125	Sea Green	2022-04-07 19:13:23.580318+00	2022-04-07 19:13:23.580318+00
126	Seashell	2022-04-07 19:13:23.580318+00	2022-04-07 19:13:23.580318+00
127	Sienna	2022-04-07 19:13:23.580318+00	2022-04-07 19:13:23.580318+00
128	Silver	2022-04-07 19:13:23.580318+00	2022-04-07 19:13:23.580318+00
129	Sky Blue	2022-04-07 19:13:23.580318+00	2022-04-07 19:13:23.580318+00
130	Slate Blue	2022-04-07 19:13:23.580318+00	2022-04-07 19:13:23.580318+00
131	Slate Gray	2022-04-07 19:13:23.580318+00	2022-04-07 19:13:23.580318+00
132	Snow	2022-04-07 19:13:23.580318+00	2022-04-07 19:13:23.580318+00
133	Spring Green	2022-04-07 19:13:23.580318+00	2022-04-07 19:13:23.580318+00
134	Steel Blue	2022-04-07 19:13:23.580318+00	2022-04-07 19:13:23.580318+00
135	Tan	2022-04-07 19:13:23.580318+00	2022-04-07 19:13:23.580318+00
136	Teal	2022-04-07 19:13:23.580318+00	2022-04-07 19:13:23.580318+00
137	Thistle	2022-04-07 19:13:23.580318+00	2022-04-07 19:13:23.580318+00
138	Tomato	2022-04-07 19:13:23.580318+00	2022-04-07 19:13:23.580318+00
139	Turquoise	2022-04-07 19:13:23.580318+00	2022-04-07 19:13:23.580318+00
140	Violet	2022-04-07 19:13:23.580318+00	2022-04-07 19:13:23.580318+00
141	Wheat	2022-04-07 19:13:23.580318+00	2022-04-07 19:13:23.580318+00
142	White	2022-04-07 19:13:23.580318+00	2022-04-07 19:13:23.580318+00
143	White Smoke	2022-04-07 19:13:23.580318+00	2022-04-07 19:13:23.580318+00
144	Yellow	2022-04-07 19:13:23.580318+00	2022-04-07 19:13:23.580318+00
145	Yellow Green	2022-04-07 19:13:23.580318+00	2022-04-07 19:13:23.580318+00
\.


--
-- Data for Name: products; Type: TABLE DATA; Schema: public; Owner: goku
--

COPY public.products (id, name, description, brand, created_at, updated_at) FROM stdin;
1	Gorgeous Metal Shoes	In et labore aliquam eaque. Sed ipsam quia tempore et aliquam natus culpa eveniet. Sed delectus est inventore et ut ea unde ut atque.	Cassin, Stracke and Greenfelder	2022-04-07 19:13:23.646399+00	2022-04-07 19:13:23.646399+00
2	Awesome Soft Table	Voluptas et dicta optio pariatur voluptas praesentium nam sit nostrum. Quod pariatur quibusdam quisquam quisquam sit eius praesentium ipsam aspernatur.	VonRueden Inc	2022-04-07 19:13:23.646399+00	2022-04-07 19:13:23.646399+00
3	Sleek Steel Bacon	Error labore error ullam consequatur consectetur adipisci. Aut corrupti placeat eveniet. Voluptatem enim aut. Aliquid et rerum quidem.	Dibbert - Fritsch	2022-04-07 19:13:23.646399+00	2022-04-07 19:13:23.646399+00
4	Refined Plastic Bacon	Laudantium aut totam odit quis ut alias nihil cumque sit. Vero suscipit omnis explicabo vero aut fugit.	Johnston LLC	2022-04-07 19:13:23.646399+00	2022-04-07 19:13:23.646399+00
5	Fantastic Metal Sausages	Repellendus nesciunt qui aut recusandae. Ut voluptatibus sint ullam enim itaque omnis asperiores dolorum optio.	Kunde, Herman and Rath	2022-04-07 19:13:23.646399+00	2022-04-07 19:13:23.646399+00
6	Unbranded Frozen Table	Fugit ipsa molestiae voluptate omnis natus id. Quis hic fugit dolore assumenda commodi quis.	Davis - Wolf	2022-04-07 19:13:23.646399+00	2022-04-07 19:13:23.646399+00
7	Rustic Wooden Salad	Earum vitae hic non eum sunt aut sed placeat. Quo laborum necessitatibus rem tempora incidunt ipsam impedit culpa.	MacGyver - Ortiz	2022-04-07 19:13:23.646399+00	2022-04-07 19:13:23.646399+00
8	Awesome Frozen Pizza	Non officiis laborum vero consequatur earum qui eum eum quos. Harum sint sunt non occaecati vel minus et.	Conroy - Toy	2022-04-07 19:13:23.646399+00	2022-04-07 19:13:23.646399+00
9	Incredible Cotton Hat	Nulla laborum molestiae officiis quia ut non veritatis. Repudiandae tempore dolorem quia vel ab eveniet impedit sed voluptate. Nulla aut incidunt quibusdam unde enim aut.	Ledner - Greenholt	2022-04-07 19:13:23.646399+00	2022-04-07 19:13:23.646399+00
10	Incredible Fresh Chair	Sit delectus ea quia tenetur quo laborum voluptatem quod.	Metz Group	2022-04-07 19:13:23.646399+00	2022-04-07 19:13:23.646399+00
11	Generic Plastic Soap	Eum aliquid aut reiciendis mollitia totam sapiente ad qui quia. Itaque repellendus et tenetur. Qui blanditiis molestiae voluptatem est tempore nihil labore eos.	Kuphal and Sons	2022-04-07 19:13:23.646399+00	2022-04-07 19:13:23.646399+00
12	Intelligent Frozen Cheese	Rerum qui illum dolor quia architecto. Doloremque et ipsam non ab aliquid dolor. Atque excepturi porro nisi est laborum et adipisci placeat exercitationem.	Schoen LLC	2022-04-07 19:13:23.646399+00	2022-04-07 19:13:23.646399+00
13	Licensed Frozen Sausages	Dolores consequatur est consequuntur quia. Expedita nisi illo tempora. Sed aut reprehenderit nobis officia eos voluptate iste odio. Omnis unde adipisci.	Barton - Mraz	2022-04-07 19:13:23.646399+00	2022-04-07 19:13:23.646399+00
14	Intelligent Soft Pants	Molestiae asperiores quam veniam repellendus est dolorem commodi nostrum sit. Autem animi dignissimos.	Bins and Sons	2022-04-07 19:13:23.646399+00	2022-04-07 19:13:23.646399+00
15	Refined Wooden Table	Id consequatur minima consequuntur. Aut culpa sit beatae tenetur distinctio impedit. Aut dignissimos veniam suscipit. Eius nisi at nostrum ipsam ea sit nihil in mollitia.	Turner, Donnelly and Braun	2022-04-07 19:13:23.646399+00	2022-04-07 19:13:23.646399+00
16	Intelligent Metal Towels	Assumenda veniam placeat recusandae nobis omnis voluptas quibusdam qui minus. Nihil minus eaque velit non temporibus.	Doyle, Hyatt and Altenwerth	2022-04-07 19:13:23.646399+00	2022-04-07 19:13:23.646399+00
17	Fantastic Concrete Bacon	Aut voluptates quas ad rem. Fuga consequatur libero explicabo sit sunt officiis.	Wolff Inc	2022-04-07 19:13:23.646399+00	2022-04-07 19:13:23.646399+00
18	Practical Rubber Keyboard	Ut quae sunt iure distinctio doloribus sunt voluptatem. Rem voluptatem recusandae in vitae iusto voluptas. Sed at ut. Soluta est sint error molestiae eum provident id dolorem.	Towne - Hackett	2022-04-07 19:13:23.646399+00	2022-04-07 19:13:23.646399+00
19	Tasty Steel Shirt	Enim esse quia est vero culpa atque temporibus magnam id. Repellendus sed dolorum ducimus est. Quasi molestiae placeat qui non quibusdam et quia doloribus. Et corrupti officia saepe.	Huels - Prohaska	2022-04-07 19:13:23.646399+00	2022-04-07 19:13:23.646399+00
20	Refined Metal Fish	Veniam officiis fugiat sapiente. Et consectetur dolorum non qui alias numquam. Autem et quod architecto est. Ut praesentium molestiae explicabo.	Windler Group	2022-04-07 19:13:23.646399+00	2022-04-07 19:13:23.646399+00
\.


--
-- Data for Name: sizes; Type: TABLE DATA; Schema: public; Owner: goku
--

COPY public.sizes (id, name, created_at, updated_at) FROM stdin;
1	XXS	2022-04-07 19:13:23.610882+00	2022-04-07 19:13:23.610882+00
2	XS	2022-04-07 19:13:23.610882+00	2022-04-07 19:13:23.610882+00
3	S	2022-04-07 19:13:23.610882+00	2022-04-07 19:13:23.610882+00
4	M	2022-04-07 19:13:23.610882+00	2022-04-07 19:13:23.610882+00
5	L	2022-04-07 19:13:23.610882+00	2022-04-07 19:13:23.610882+00
6	XL	2022-04-07 19:13:23.610882+00	2022-04-07 19:13:23.610882+00
7	XXL	2022-04-07 19:13:23.610882+00	2022-04-07 19:13:23.610882+00
8	3XL	2022-04-07 19:13:23.610882+00	2022-04-07 19:13:23.610882+00
9	4XL	2022-04-07 19:13:23.610882+00	2022-04-07 19:13:23.610882+00
10	5XL	2022-04-07 19:13:23.610882+00	2022-04-07 19:13:23.610882+00
11	6XL	2022-04-07 19:13:23.610882+00	2022-04-07 19:13:23.610882+00
12	7XL	2022-04-07 19:13:23.610882+00	2022-04-07 19:13:23.610882+00
13	Big	2022-04-07 19:13:23.610882+00	2022-04-07 19:13:23.610882+00
14	Bony	2022-04-07 19:13:23.610882+00	2022-04-07 19:13:23.610882+00
15	Boundless	2022-04-07 19:13:23.610882+00	2022-04-07 19:13:23.610882+00
16	Broad	2022-04-07 19:13:23.610882+00	2022-04-07 19:13:23.610882+00
17	Bulky	2022-04-07 19:13:23.610882+00	2022-04-07 19:13:23.610882+00
18	Chunky	2022-04-07 19:13:23.610882+00	2022-04-07 19:13:23.610882+00
19	Colossal	2022-04-07 19:13:23.610882+00	2022-04-07 19:13:23.610882+00
20	Compact	2022-04-07 19:13:23.610882+00	2022-04-07 19:13:23.610882+00
21	Cosmic	2022-04-07 19:13:23.610882+00	2022-04-07 19:13:23.610882+00
22	Cubby	2022-04-07 19:13:23.610882+00	2022-04-07 19:13:23.610882+00
23	Curvy	2022-04-07 19:13:23.610882+00	2022-04-07 19:13:23.610882+00
24	Elfin	2022-04-07 19:13:23.610882+00	2022-04-07 19:13:23.610882+00
25	Emaciated	2022-04-07 19:13:23.610882+00	2022-04-07 19:13:23.610882+00
26	Endless	2022-04-07 19:13:23.610882+00	2022-04-07 19:13:23.610882+00
27	Enormous	2022-04-07 19:13:23.610882+00	2022-04-07 19:13:23.610882+00
28	Epic	2022-04-07 19:13:23.610882+00	2022-04-07 19:13:23.610882+00
29	Expansive	2022-04-07 19:13:23.610882+00	2022-04-07 19:13:23.610882+00
30	Extensive	2022-04-07 19:13:23.610882+00	2022-04-07 19:13:23.610882+00
31	Fat	2022-04-07 19:13:23.610882+00	2022-04-07 19:13:23.610882+00
32	Full-size	2022-04-07 19:13:23.610882+00	2022-04-07 19:13:23.610882+00
33	Giant	2022-04-07 19:13:23.610882+00	2022-04-07 19:13:23.610882+00
34	Gigantic	2022-04-07 19:13:23.610882+00	2022-04-07 19:13:23.610882+00
35	Grand	2022-04-07 19:13:23.610882+00	2022-04-07 19:13:23.610882+00
36	Heavy	2022-04-07 19:13:23.610882+00	2022-04-07 19:13:23.610882+00
37	Hefty	2022-04-07 19:13:23.610882+00	2022-04-07 19:13:23.610882+00
38	Huge	2022-04-07 19:13:23.610882+00	2022-04-07 19:13:23.610882+00
39	Hulking	2022-04-07 19:13:23.610882+00	2022-04-07 19:13:23.610882+00
40	Immense	2022-04-07 19:13:23.610882+00	2022-04-07 19:13:23.610882+00
41	Large	2022-04-07 19:13:23.610882+00	2022-04-07 19:13:23.610882+00
42	Lean	2022-04-07 19:13:23.610882+00	2022-04-07 19:13:23.610882+00
43	Life-size	2022-04-07 19:13:23.610882+00	2022-04-07 19:13:23.610882+00
44	Limitless	2022-04-07 19:13:23.610882+00	2022-04-07 19:13:23.610882+00
45	Little	2022-04-07 19:13:23.610882+00	2022-04-07 19:13:23.610882+00
46	Massive	2022-04-07 19:13:23.610882+00	2022-04-07 19:13:23.610882+00
47	Meager	2022-04-07 19:13:23.610882+00	2022-04-07 19:13:23.610882+00
48	Measly	2022-04-07 19:13:23.610882+00	2022-04-07 19:13:23.610882+00
49	Microscobic	2022-04-07 19:13:23.610882+00	2022-04-07 19:13:23.610882+00
50	Mini	2022-04-07 19:13:23.610882+00	2022-04-07 19:13:23.610882+00
51	Miniature	2022-04-07 19:13:23.610882+00	2022-04-07 19:13:23.610882+00
52	Minute	2022-04-07 19:13:23.610882+00	2022-04-07 19:13:23.610882+00
53	Narrwo	2022-04-07 19:13:23.610882+00	2022-04-07 19:13:23.610882+00
54	Obese	2022-04-07 19:13:23.610882+00	2022-04-07 19:13:23.610882+00
55	Outsized	2022-04-07 19:13:23.610882+00	2022-04-07 19:13:23.610882+00
56	Oversize	2022-04-07 19:13:23.610882+00	2022-04-07 19:13:23.610882+00
57	Overweight	2022-04-07 19:13:23.610882+00	2022-04-07 19:13:23.610882+00
58	Petite	2022-04-07 19:13:23.610882+00	2022-04-07 19:13:23.610882+00
59	Pint-size	2022-04-07 19:13:23.610882+00	2022-04-07 19:13:23.610882+00
60	Pocket-size	2022-04-07 19:13:23.610882+00	2022-04-07 19:13:23.610882+00
61	Puny	2022-04-07 19:13:23.610882+00	2022-04-07 19:13:23.610882+00
62	Rotund	2022-04-07 19:13:23.610882+00	2022-04-07 19:13:23.610882+00
63	Scanty	2022-04-07 19:13:23.610882+00	2022-04-07 19:13:23.610882+00
64	Short	2022-04-07 19:13:23.610882+00	2022-04-07 19:13:23.610882+00
65	Sizable	2022-04-07 19:13:23.610882+00	2022-04-07 19:13:23.610882+00
66	Skimpy	2022-04-07 19:13:23.610882+00	2022-04-07 19:13:23.610882+00
67	Skinny	2022-04-07 19:13:23.610882+00	2022-04-07 19:13:23.610882+00
68	Slender	2022-04-07 19:13:23.610882+00	2022-04-07 19:13:23.610882+00
69	Slim	2022-04-07 19:13:23.610882+00	2022-04-07 19:13:23.610882+00
70	Small	2022-04-07 19:13:23.610882+00	2022-04-07 19:13:23.610882+00
71	Squat	2022-04-07 19:13:23.610882+00	2022-04-07 19:13:23.610882+00
72	Stocky	2022-04-07 19:13:23.610882+00	2022-04-07 19:13:23.610882+00
73	Stout	2022-04-07 19:13:23.610882+00	2022-04-07 19:13:23.610882+00
74	Sturdy	2022-04-07 19:13:23.610882+00	2022-04-07 19:13:23.610882+00
75	Tall	2022-04-07 19:13:23.610882+00	2022-04-07 19:13:23.610882+00
76	Teensy	2022-04-07 19:13:23.610882+00	2022-04-07 19:13:23.610882+00
77	Teeny	2022-04-07 19:13:23.610882+00	2022-04-07 19:13:23.610882+00
78	Thick	2022-04-07 19:13:23.610882+00	2022-04-07 19:13:23.610882+00
79	Thin	2022-04-07 19:13:23.610882+00	2022-04-07 19:13:23.610882+00
80	Trim	2022-04-07 19:13:23.610882+00	2022-04-07 19:13:23.610882+00
81	Undersized	2022-04-07 19:13:23.610882+00	2022-04-07 19:13:23.610882+00
82	Underweight	2022-04-07 19:13:23.610882+00	2022-04-07 19:13:23.610882+00
83	Unlimited	2022-04-07 19:13:23.610882+00	2022-04-07 19:13:23.610882+00
84	Vast	2022-04-07 19:13:23.610882+00	2022-04-07 19:13:23.610882+00
85	Wee	2022-04-07 19:13:23.610882+00	2022-04-07 19:13:23.610882+00
86	Wide	2022-04-07 19:13:23.610882+00	2022-04-07 19:13:23.610882+00
\.


--
-- Data for Name: variants; Type: TABLE DATA; Schema: public; Owner: goku
--

COPY public.variants (id, sku, name, color_id, size_id, price, product_id, created_at, updated_at) FROM stdin;
1	ECVWEN1SU6FKI7X71ZWK7303	Small Rubber Car	4	60	118	6	2022-04-07 19:13:23.685174+00	2022-04-07 19:13:23.685174+00
2	B3INOW3FCU78601OJUT8IWAZ	Awesome Wooden Car	55	42	239	18	2022-04-07 19:13:23.685174+00	2022-04-07 19:13:23.685174+00
3	Q88YMKVCUJXYZB9M6H2MNCCE	Intelligent Cotton Hat	34	85	1497	5	2022-04-07 19:13:23.685174+00	2022-04-07 19:13:23.685174+00
4	IUUW456LQJYBF4JHDB3QWL19	Generic Metal Chicken	48	67	949	12	2022-04-07 19:13:23.685174+00	2022-04-07 19:13:23.685174+00
5	3T0UBCYPHMHGX07JA90BTA76	Unbranded Soft Table	96	15	1550	8	2022-04-07 19:13:23.685174+00	2022-04-07 19:13:23.685174+00
6	6CL60EAR2CEJQ59NX5W42W26	Gorgeous Rubber Ball	61	58	795	3	2022-04-07 19:13:23.685174+00	2022-04-07 19:13:23.685174+00
7	72U9U4SIZNUCE4O6WESTETID	Fantastic Cotton Mouse	55	12	579	1	2022-04-07 19:13:23.685174+00	2022-04-07 19:13:23.685174+00
8	DWWCRU9X1PW5PPM3MSSB86CM	Fantastic Soft Cheese	48	83	1047	13	2022-04-07 19:13:23.685174+00	2022-04-07 19:13:23.685174+00
9	7KW3E4F3V0IM7PMINWYNB5GQ	Incredible Fresh Pants	46	29	893	1	2022-04-07 19:13:23.685174+00	2022-04-07 19:13:23.685174+00
10	CMZDVFQAPXOH5TYR4MXTPXB7	Incredible Soft Table	46	5	1356	15	2022-04-07 19:13:23.685174+00	2022-04-07 19:13:23.685174+00
11	V3KX63AZICTA2EE6FAKXQRZE	Intelligent Plastic Ball	58	29	756	6	2022-04-07 19:13:23.685174+00	2022-04-07 19:13:23.685174+00
12	ME8ZW6LV95PKNGVDDGLVVE82	Intelligent Metal Sausages	133	63	544	1	2022-04-07 19:13:23.685174+00	2022-04-07 19:13:23.685174+00
13	7YDG9Y3XTCOLH5Q30CM1JM5V	Handmade Rubber Computer	30	5	1438	3	2022-04-07 19:13:23.685174+00	2022-04-07 19:13:23.685174+00
14	HXO7W6VH8R89399ZN3T5TBOA	Awesome Granite Hat	131	9	1569	14	2022-04-07 19:13:23.685174+00	2022-04-07 19:13:23.685174+00
15	2GCYZ74NYCJ97Y4TE0TKNZBN	Intelligent Soft Shirt	108	31	1430	18	2022-04-07 19:13:23.685174+00	2022-04-07 19:13:23.685174+00
16	N2EQ9QYKYLDL0WTR0NR31ZM7	Generic Steel Pizza	137	47	1122	9	2022-04-07 19:13:23.685174+00	2022-04-07 19:13:23.685174+00
17	ABSV25ZNZT91WP45Q4O0DKYD	Generic Soft Gloves	57	66	1062	5	2022-04-07 19:13:23.685174+00	2022-04-07 19:13:23.685174+00
18	N67WKP0UP3KA34TDG4OKVATV	Ergonomic Concrete Car	137	18	1481	14	2022-04-07 19:13:23.685174+00	2022-04-07 19:13:23.685174+00
19	SR85KZNOHB9CWPKJC0V9QXNC	Awesome Soft Mouse	33	68	768	12	2022-04-07 19:13:23.685174+00	2022-04-07 19:13:23.685174+00
20	WWNAMTR4YG7GZ1SILOUKHR4J	Gorgeous Plastic Pants	56	68	1485	11	2022-04-07 19:13:23.685174+00	2022-04-07 19:13:23.685174+00
21	09D96KZG1LG6VKN3WMLWN7UR	Fantastic Frozen Table	25	57	467	1	2022-04-07 19:13:23.685174+00	2022-04-07 19:13:23.685174+00
22	BDW5U9O9YOSFAZB3PIECB8SU	Tasty Fresh Mouse	82	30	170	9	2022-04-07 19:13:23.685174+00	2022-04-07 19:13:23.685174+00
23	1BMAMHTTCSLO666QVSVHNFB7	Incredible Cotton Tuna	27	25	1475	9	2022-04-07 19:13:23.685174+00	2022-04-07 19:13:23.685174+00
24	WC6R44M8AI3JQ1N5KRE7VEH0	Sleek Frozen Chair	114	48	1676	7	2022-04-07 19:13:23.685174+00	2022-04-07 19:13:23.685174+00
25	RCHQERX58GISMIRTYVMZCL9R	Awesome Concrete Shoes	128	41	933	17	2022-04-07 19:13:23.685174+00	2022-04-07 19:13:23.685174+00
26	Q5GOD7HGO8GZDXP1DY6BX42Z	Unbranded Rubber Sausages	30	78	968	13	2022-04-07 19:13:23.685174+00	2022-04-07 19:13:23.685174+00
27	QF3DKCPXOOKDC4CKY3DG7260	Unbranded Rubber Bacon	31	47	1565	14	2022-04-07 19:13:23.685174+00	2022-04-07 19:13:23.685174+00
28	O2TTGF8L0YJ9B6TAC76CBHNS	Tasty Concrete Soap	54	61	1329	1	2022-04-07 19:13:23.685174+00	2022-04-07 19:13:23.685174+00
29	UESD2LQSJWY4JAB7TNWZ1Q9Q	Handmade Fresh Car	121	49	940	2	2022-04-07 19:13:23.685174+00	2022-04-07 19:13:23.685174+00
30	OUIMJF8GS82ZL77Y875GANT3	Generic Concrete Chicken	50	83	50	14	2022-04-07 19:13:23.685174+00	2022-04-07 19:13:23.685174+00
31	QIIUZVH220LYZGMCTZBZW3GJ	Unbranded Wooden Bike	84	82	1394	4	2022-04-07 19:13:23.685174+00	2022-04-07 19:13:23.685174+00
32	7LI55GWSDSHN9MVHZBP0VRWR	Handcrafted Wooden Shirt	1	61	468	19	2022-04-07 19:13:23.685174+00	2022-04-07 19:13:23.685174+00
33	Q6ZRRWCGGBNVQGZBVRCLO4B4	Fantastic Cotton Sausages	80	45	1622	5	2022-04-07 19:13:23.685174+00	2022-04-07 19:13:23.685174+00
34	A2HY4AP4KVJ98SETVXPZVFSL	Handcrafted Steel Salad	43	64	622	6	2022-04-07 19:13:23.685174+00	2022-04-07 19:13:23.685174+00
35	LBF09CW898HDOYCIAD95CHNM	Handcrafted Soft Bacon	138	2	599	19	2022-04-07 19:13:23.685174+00	2022-04-07 19:13:23.685174+00
36	YQHOL1CZDP6F6N6BELRC2IRU	Handcrafted Soft Sausages	113	6	429	19	2022-04-07 19:13:23.685174+00	2022-04-07 19:13:23.685174+00
37	16XR6IXVMS1FC1AZEJZDVI9J	Licensed Cotton Ball	111	60	1296	20	2022-04-07 19:13:23.685174+00	2022-04-07 19:13:23.685174+00
38	KRHBI313BCBDGKOO8DRZJYKE	Fantastic Plastic Shirt	127	75	1377	13	2022-04-07 19:13:23.685174+00	2022-04-07 19:13:23.685174+00
39	K0KW4GMH5FMDJJN02D8A9KDA	Fantastic Steel Pizza	87	81	1315	13	2022-04-07 19:13:23.685174+00	2022-04-07 19:13:23.685174+00
40	CONAPTBVCDRAFSV8SPQHIKY4	Sleek Frozen Towels	72	61	1497	16	2022-04-07 19:13:23.685174+00	2022-04-07 19:13:23.685174+00
41	HVBH89FFBGI0JMR49PYUAVO0	Unbranded Concrete Gloves	4	73	880	11	2022-04-07 19:13:23.685174+00	2022-04-07 19:13:23.685174+00
42	FZURLOHJXJ75NUJP6HBJWGEG	Generic Fresh Table	48	50	986	7	2022-04-07 19:13:23.685174+00	2022-04-07 19:13:23.685174+00
43	1L01Z4Y6LETB8DM4IOJIY71A	Gorgeous Frozen Fish	132	54	1590	4	2022-04-07 19:13:23.685174+00	2022-04-07 19:13:23.685174+00
44	F9Q9FG22KVD9LMS11KP3C5XR	Awesome Granite Pants	137	57	1090	15	2022-04-07 19:13:23.685174+00	2022-04-07 19:13:23.685174+00
45	VAUFBFKGOWIH9DN9J58RH4BM	Handmade Metal Bacon	28	1	678	11	2022-04-07 19:13:23.685174+00	2022-04-07 19:13:23.685174+00
46	V1Y8Q8N9436BJXZADWA511QR	Incredible Frozen Chips	132	50	241	2	2022-04-07 19:13:23.685174+00	2022-04-07 19:13:23.685174+00
47	CLE0D561DVCVAIKPV2F1C86P	Generic Concrete Pizza	142	56	1425	3	2022-04-07 19:13:23.685174+00	2022-04-07 19:13:23.685174+00
48	DZNIISE8RKLQKBPDPNV6CSE1	Small Rubber Computer	143	17	1895	10	2022-04-07 19:13:23.685174+00	2022-04-07 19:13:23.685174+00
49	O0Z7NTNVHGBMRK9YV5ORB6WN	Handmade Fresh Salad	66	45	1413	18	2022-04-07 19:13:23.685174+00	2022-04-07 19:13:23.685174+00
50	YENX6IYZAKNG87LLPJAU0YT7	Tasty Metal Fish	48	13	117	17	2022-04-07 19:13:23.685174+00	2022-04-07 19:13:23.685174+00
51	YH1PMUVR8XV38A779SBCWQQF	Gorgeous Plastic Bike	98	49	1393	3	2022-04-07 19:13:23.685174+00	2022-04-07 19:13:23.685174+00
52	BWMHGWBPP2RCX3C33912KHWB	Generic Soft Mouse	64	9	847	13	2022-04-07 19:13:23.685174+00	2022-04-07 19:13:23.685174+00
53	K8V4WBU8FJ7XY39AGZRQTP7F	Intelligent Rubber Bike	132	21	1949	4	2022-04-07 19:13:23.685174+00	2022-04-07 19:13:23.685174+00
54	ZGXV3QAMXSOMANYPJSAQL11H	Generic Cotton Shirt	103	19	930	19	2022-04-07 19:13:23.685174+00	2022-04-07 19:13:23.685174+00
55	OKRO67LLWROPMH57D98V3IV2	Unbranded Concrete Pants	104	62	1801	4	2022-04-07 19:13:23.685174+00	2022-04-07 19:13:23.685174+00
56	UMBWF0LPKO6SETKITR9NOSZ0	Handcrafted Rubber Mouse	30	75	1423	1	2022-04-07 19:13:23.685174+00	2022-04-07 19:13:23.685174+00
57	69JIU05OUH5XM7NYTL6AOZJ8	Unbranded Soft Table	21	85	175	10	2022-04-07 19:13:23.685174+00	2022-04-07 19:13:23.685174+00
58	84RKVDIHEPJUUGI6NVSYLLSZ	Gorgeous Rubber Cheese	115	58	406	11	2022-04-07 19:13:23.685174+00	2022-04-07 19:13:23.685174+00
59	3JBBHST1AP7JZ0AFVWNO06HI	Unbranded Metal Ball	42	62	1659	12	2022-04-07 19:13:23.685174+00	2022-04-07 19:13:23.685174+00
60	PEKIHMPWGGR90564CYU4JQ6R	Handcrafted Granite Salad	3	22	130	12	2022-04-07 19:13:23.685174+00	2022-04-07 19:13:23.685174+00
61	B7HM5AYH03WG5XMLH74F0XXJ	Sleek Steel Pizza	75	32	1166	11	2022-04-07 19:13:23.685174+00	2022-04-07 19:13:23.685174+00
62	TBJ10DM0LW3CR3R4ZD1VL6MT	Generic Plastic Mouse	39	26	505	10	2022-04-07 19:13:23.685174+00	2022-04-07 19:13:23.685174+00
63	TNP5MGVBPDIY5A87Z1AY8BP4	Gorgeous Plastic Ball	138	60	1007	18	2022-04-07 19:13:23.685174+00	2022-04-07 19:13:23.685174+00
64	KAG40ADV92ZL1TM3LDQX8VE9	Handmade Frozen Pizza	88	38	521	5	2022-04-07 19:13:23.685174+00	2022-04-07 19:13:23.685174+00
65	YUYGWVIQA6HQVY7V016DJLCK	Practical Fresh Keyboard	108	51	705	19	2022-04-07 19:13:23.685174+00	2022-04-07 19:13:23.685174+00
66	J0K5D17CH37WEVFEE0NWKUOK	Ergonomic Cotton Computer	113	35	1615	20	2022-04-07 19:13:23.685174+00	2022-04-07 19:13:23.685174+00
67	LAY25YS7N0SHV2QT1HVD7HF9	Refined Granite Chair	74	67	1799	5	2022-04-07 19:13:23.685174+00	2022-04-07 19:13:23.685174+00
68	KD6UZTKGFPSB3E7ZFKSY2QYB	Small Plastic Soap	7	27	1927	7	2022-04-07 19:13:23.685174+00	2022-04-07 19:13:23.685174+00
69	XTKW3YAZPHW8PJ5S3ZVYZH5O	Fantastic Wooden Towels	114	79	1303	4	2022-04-07 19:13:23.685174+00	2022-04-07 19:13:23.685174+00
70	CIHVW0T3ESOQAX4AZ88L7WAR	Incredible Fresh Pants	129	43	1387	20	2022-04-07 19:13:23.685174+00	2022-04-07 19:13:23.685174+00
71	F5LVPATQ7SHH0MIM3R3EKO62	Incredible Granite Cheese	114	30	1484	2	2022-04-07 19:13:23.685174+00	2022-04-07 19:13:23.685174+00
72	GJ81PNTPXPOEL4K0XEECWNPQ	Incredible Metal Chips	36	51	628	16	2022-04-07 19:13:23.685174+00	2022-04-07 19:13:23.685174+00
73	V2IQCJW1HIE4PJGHLRIGJLJE	Fantastic Soft Pizza	112	29	1191	2	2022-04-07 19:13:23.685174+00	2022-04-07 19:13:23.685174+00
74	EFZREKJ6EE54BY3WSWM4UOK1	Small Cotton Soap	104	73	869	1	2022-04-07 19:13:23.685174+00	2022-04-07 19:13:23.685174+00
75	AULQVVUV9GGCRDI3UFATIK74	Incredible Metal Car	10	24	1921	20	2022-04-07 19:13:23.685174+00	2022-04-07 19:13:23.685174+00
76	Z9P134O5JEM79NKALFW2PJKK	Awesome Steel Gloves	87	39	61	18	2022-04-07 19:13:23.685174+00	2022-04-07 19:13:23.685174+00
77	74WOMU51WPF8XUEH43I9MZTA	Awesome Wooden Cheese	103	38	1947	8	2022-04-07 19:13:23.685174+00	2022-04-07 19:13:23.685174+00
78	8UB5IGBAAJYI7Z8RJVBRMVBL	Tasty Frozen Fish	15	53	1574	2	2022-04-07 19:13:23.685174+00	2022-04-07 19:13:23.685174+00
79	RJC5SXYSPPMKLS11B2RVFQWN	Sleek Frozen Gloves	34	40	731	8	2022-04-07 19:13:23.685174+00	2022-04-07 19:13:23.685174+00
80	JOZJWRWG023ZDGOZM33JIZHP	Fantastic Steel Tuna	63	50	653	1	2022-04-07 19:13:23.685174+00	2022-04-07 19:13:23.685174+00
81	F3ATH2Y275082BILO3TU90LD	Handmade Granite Towels	27	69	1560	11	2022-04-07 19:13:23.685174+00	2022-04-07 19:13:23.685174+00
82	16FXLLJD3RX1SSJWPANY3526	Sleek Granite Bike	54	54	77	18	2022-04-07 19:13:23.685174+00	2022-04-07 19:13:23.685174+00
83	0T1MZBHY3ZH9GQXG0GIQ5F01	Small Granite Pants	114	1	1580	5	2022-04-07 19:13:23.685174+00	2022-04-07 19:13:23.685174+00
84	1QMQEICK6GCGQ25Y6PA6YYZK	Rustic Cotton Ball	60	24	1158	13	2022-04-07 19:13:23.685174+00	2022-04-07 19:13:23.685174+00
85	B0YZBH0GJVR87IEMWX6IQ8VT	Practical Metal Hat	49	69	1846	17	2022-04-07 19:13:23.685174+00	2022-04-07 19:13:23.685174+00
86	P1WUNSZ4IBBH4DH0I2A5C4KX	Sleek Wooden Sausages	16	1	153	9	2022-04-07 19:13:23.685174+00	2022-04-07 19:13:23.685174+00
87	87OGHGZTHYI7LIDZ7CFJT05O	Ergonomic Wooden Salad	129	54	397	13	2022-04-07 19:13:23.685174+00	2022-04-07 19:13:23.685174+00
88	USJ7BENCXP4NZLFSOJ8YS9HG	Intelligent Concrete Shirt	19	29	1964	15	2022-04-07 19:13:23.685174+00	2022-04-07 19:13:23.685174+00
89	C1KNQI9JT9LLMP46LSMN4OC9	Incredible Rubber Keyboard	72	28	1728	11	2022-04-07 19:13:23.685174+00	2022-04-07 19:13:23.685174+00
90	6N0WP34RDRZKD02VZJI24X9B	Refined Plastic Chips	73	58	755	18	2022-04-07 19:13:23.685174+00	2022-04-07 19:13:23.685174+00
91	JCKTDCN839U1JBZSOHY13N92	Intelligent Metal Bacon	128	10	991	14	2022-04-07 19:13:23.685174+00	2022-04-07 19:13:23.685174+00
92	O5DQON1BNNUO02HIWGC0VVN9	Generic Steel Tuna	117	70	1305	6	2022-04-07 19:13:23.685174+00	2022-04-07 19:13:23.685174+00
93	KDMSLZLN6WZYH6NOJHJJQMIO	Awesome Cotton Chips	40	48	583	9	2022-04-07 19:13:23.685174+00	2022-04-07 19:13:23.685174+00
94	F6WVCHYCN7MFKY0WAWE602GN	Licensed Frozen Table	48	60	684	17	2022-04-07 19:13:23.685174+00	2022-04-07 19:13:23.685174+00
95	GBLU6II9M6VMIAK455UJR5GL	Unbranded Rubber Bike	39	20	732	4	2022-04-07 19:13:23.685174+00	2022-04-07 19:13:23.685174+00
96	FX9CTIQYH510BRENTS66NSBD	Unbranded Frozen Keyboard	124	83	1072	15	2022-04-07 19:13:23.685174+00	2022-04-07 19:13:23.685174+00
97	RDQL2801U48TFDVADVS41TS3	Sleek Steel Salad	105	65	1504	7	2022-04-07 19:13:23.685174+00	2022-04-07 19:13:23.685174+00
98	33GQJ6ZNDAN457G9Y9LPTSY4	Rustic Frozen Salad	34	56	102	14	2022-04-07 19:13:23.685174+00	2022-04-07 19:13:23.685174+00
99	YGRUWRNB22C8RDNOOK3E8M08	Rustic Fresh Hat	27	10	1654	11	2022-04-07 19:13:23.685174+00	2022-04-07 19:13:23.685174+00
100	TO0X2GDXGJWSFE7CEOBW7FA1	Refined Plastic Sausages	61	36	489	6	2022-04-07 19:13:23.685174+00	2022-04-07 19:13:23.685174+00
\.


--
-- Name: colors_id_seq; Type: SEQUENCE SET; Schema: public; Owner: goku
--

SELECT pg_catalog.setval('public.colors_id_seq', 145, true);


--
-- Name: products_id_seq; Type: SEQUENCE SET; Schema: public; Owner: goku
--

SELECT pg_catalog.setval('public.products_id_seq', 20, true);


--
-- Name: sizes_id_seq; Type: SEQUENCE SET; Schema: public; Owner: goku
--

SELECT pg_catalog.setval('public.sizes_id_seq', 86, true);


--
-- Name: variants_id_seq; Type: SEQUENCE SET; Schema: public; Owner: goku
--

SELECT pg_catalog.setval('public.variants_id_seq', 100, true);


--
-- Name: colors colors_name_key; Type: CONSTRAINT; Schema: public; Owner: goku
--

ALTER TABLE ONLY public.colors
    ADD CONSTRAINT colors_name_key UNIQUE (name);


--
-- Name: colors colors_pkey; Type: CONSTRAINT; Schema: public; Owner: goku
--

ALTER TABLE ONLY public.colors
    ADD CONSTRAINT colors_pkey PRIMARY KEY (id);


--
-- Name: products products_pkey; Type: CONSTRAINT; Schema: public; Owner: goku
--

ALTER TABLE ONLY public.products
    ADD CONSTRAINT products_pkey PRIMARY KEY (id);


--
-- Name: sizes sizes_name_key; Type: CONSTRAINT; Schema: public; Owner: goku
--

ALTER TABLE ONLY public.sizes
    ADD CONSTRAINT sizes_name_key UNIQUE (name);


--
-- Name: sizes sizes_pkey; Type: CONSTRAINT; Schema: public; Owner: goku
--

ALTER TABLE ONLY public.sizes
    ADD CONSTRAINT sizes_pkey PRIMARY KEY (id);


--
-- Name: variants variants_pkey; Type: CONSTRAINT; Schema: public; Owner: goku
--

ALTER TABLE ONLY public.variants
    ADD CONSTRAINT variants_pkey PRIMARY KEY (id);


--
-- Name: colors update_colors_updated_at; Type: TRIGGER; Schema: public; Owner: goku
--

CREATE TRIGGER update_colors_updated_at BEFORE UPDATE ON public.colors FOR EACH ROW EXECUTE FUNCTION public.trigger_set_updated_at();


--
-- Name: products update_products_updated_at; Type: TRIGGER; Schema: public; Owner: goku
--

CREATE TRIGGER update_products_updated_at BEFORE UPDATE ON public.products FOR EACH ROW EXECUTE FUNCTION public.trigger_set_updated_at();


--
-- Name: sizes update_sizes_updated_at; Type: TRIGGER; Schema: public; Owner: goku
--

CREATE TRIGGER update_sizes_updated_at BEFORE UPDATE ON public.sizes FOR EACH ROW EXECUTE FUNCTION public.trigger_set_updated_at();


--
-- Name: variants update_variants_updated_at; Type: TRIGGER; Schema: public; Owner: goku
--

CREATE TRIGGER update_variants_updated_at BEFORE UPDATE ON public.variants FOR EACH ROW EXECUTE FUNCTION public.trigger_set_updated_at();


--
-- Name: variants variants_color_id_fkey; Type: FK CONSTRAINT; Schema: public; Owner: goku
--

ALTER TABLE ONLY public.variants
    ADD CONSTRAINT variants_color_id_fkey FOREIGN KEY (color_id) REFERENCES public.colors(id);


--
-- Name: variants variants_product_id_fkey; Type: FK CONSTRAINT; Schema: public; Owner: goku
--

ALTER TABLE ONLY public.variants
    ADD CONSTRAINT variants_product_id_fkey FOREIGN KEY (product_id) REFERENCES public.products(id) ON DELETE CASCADE;


--
-- Name: variants variants_size_id_fkey; Type: FK CONSTRAINT; Schema: public; Owner: goku
--

ALTER TABLE ONLY public.variants
    ADD CONSTRAINT variants_size_id_fkey FOREIGN KEY (size_id) REFERENCES public.sizes(id);


--
-- PostgreSQL database dump complete
--

